Value,Feature
0.23634218,D0_daughterAngle_0_1
0.14381957,pi_Ch1_abs_dr
0.13348491,D0_cos_decayAngle_0
0.07139773,D0_flightDistance
0.057309337,K_Ch1_pt
0.055252112,D0_flightDistanceErr
0.054950118,K_Ch1_abs_dr
0.04961168,D0_chiProb
0.036700472,D0_significanceOfDistance
0.035046667,pi_Ch1_pt
0.03478837,D0_useCMSFrame_E
0.03460198,K_Ch1_kaonID
0.016938984,pi_Ch1_pionID
0.010977059,pi_Ch1_z0
0.010363192,K_Ch1_z0
0.009764891,pi_Ch1_d0
0.0086507285,K_Ch1_d0
