Value,Feature
0.34024778,D0_daughterAngle_0_1
0.114609644,pi_Ch1_dr
0.09532974,D0_cos_decayAngle_0
0.07520067,D0_flightDistance
0.06959056,D0_flightDistanceErr
0.059211284,D0_chiProb
0.05553062,K_Ch1_dr
0.048726954,K_Ch1_pt
0.046837736,pi_Ch1_pt
0.040252652,K_Ch1_kaonID
0.034219813,D0_useCMSFrame_p
0.02024255,pi_Ch1_pionID
